Title,Company,Location,Salary,Job Type,Job Link
N/A,N/A,N/A,N/A,N/A,N/A
Fullstack Engineer,N/A,N/A,N/A,N/A,https://www.indeed.com/rc/clk?jk=1fb9351c5e117110&bb=Bx9KJGHJqQtZsY8Ucl5iD0f02332bhpG58EY_DRsHqVC-pus35aKOjLjz3yMS9LGWPJfjFPiJipB7NnGnfoY7WUJ8cXIDZ0PXnbPAN1Liby7HE18F8Ebsd29CwtLVGywDWvLEZqNjAbrw0PhBBMwnOOpNWmDFGw4&xkcb=SoBE67M3qbnuMoSgIB0LbzkdCdPP&fccid=308e554983948416&vjs=3
Data Engineer,N/A,N/A,N/A,N/A,https://www.indeed.com/rc/clk?jk=5cba6aacc6376008&bb=Bx9KJGHJqQtZsY8Ucl5iDwpynYQBftRyILhMCYugkwWbTzJnRLXCxoy0UlKdfDNZo_uRV0tluDxgeaHmP_UiZH6Q50uAkYJL7fXPg_1PXM0GjfxzvmB41DMIpUt2tRPCPO9fjOxJ5OEDX-PQwrs2by9SMqi4OeVw&xkcb=SoDw67M3qbnuMoSgIB0KbzkdCdPP&fccid=4c8feeee8e552116&vjs=3
Bi Developer,N/A,N/A,N/A,N/A,https://www.indeed.com/rc/clk?jk=45fd01b95645cc3d&bb=Bx9KJGHJqQtZsY8Ucl5iDx_ld2p8jZIg2IIaQUjXtzBw1fTtq02QyFQzqGYzLPmETYZt09VhprwfBzHtBQBodQvbtesyq7nEjv_SGqZu3Bwyi1l3UgWTmX5bCmyJtp_cz3n8Csui76Fe9nMFdLPIw7JmZbdHdhgu&xkcb=SoBt67M3qbnuMoSgIB0JbzkdCdPP&fccid=4c8feeee8e552116&vjs=3
Software Engineer_ Backend,N/A,N/A,N/A,N/A,https://www.indeed.com/rc/clk?jk=0227f0a05f14b1c7&bb=Bx9KJGHJqQtZsY8Ucl5iD2fOz0SLqlRIwU3PSolZjQBEp_KyHugTamQiUdePWX9H802Y5-V4fEscfbrgsTlwtskmEpgnAcLLQPGLt1iKRH3Y4aA5EzfImfRe4G7gEtjwdVGxThqK1tpJQeWHVU2a_JGzaBZm6xtX&xkcb=SoDZ67M3qbnuMoSgIB0IbzkdCdPP&fccid=4c8feeee8e552116&vjs=3
Healthcare Software Developer,N/A,N/A,N/A,N/A,https://www.indeed.com/rc/clk?jk=5aafaa8e13a89e03&bb=Bx9KJGHJqQtZsY8Ucl5iD09Ckll-c6rzyC6ee0fRE7zuevvYISG05PTctcx164nN9kX2Yqx7_EevGbQ60-BAdyPIFGDxM7NTOdkuAMB9FVvibrj-jWuT_-SZQTh4yBn9i8ay5beuaqCPxf34b6oeIDXABYMB66dY&xkcb=SoBX67M3qbnuMoSgIB0PbzkdCdPP&fccid=dd019e88a9c8812e&cmp=Insight-Disability-Services&ti=Software+Engineer&vjs=3
N/A,N/A,N/A,N/A,N/A,N/A
Proficient iOS UIKit Developer,N/A,N/A,N/A,N/A,https://www.indeed.com/rc/clk?jk=fbed46b2b4749c4a&bb=Bx9KJGHJqQtZsY8Ucl5iD5IlDfpjhVo3quo0IL0EDZZ1QM5m1L5QMemH2tCRMVn_RCKYXAW5iNKBsBApZU-3DegsaXh-uajQ1gFnRb3VRPFFnLX0krQTDv0N5U06OgHEgMry86ZTiy6Nq2715hvyDOGPUpAkPYVp&xkcb=SoDj67M3qbnuMoSgIB0ObzkdCdPP&fccid=734b53a15e5c4257&cmp=Arya&ti=Ios+Developer&vjs=3
Game Developer,N/A,N/A,N/A,N/A,https://www.indeed.com/rc/clk?jk=c6f22a3c5d601865&bb=Bx9KJGHJqQtZsY8Ucl5iD3FRG-t18AobnUDgsnoYUYClVp5nH5LZBvdg1QZg9z5l5dKHPnOPsyoIHoQB5A7sqCDv2NEy_xcYcLeKpbjiejzslu-ILj8T7v-wIj0ODknP_ot4EQfizgvXyGdY9Lg7I_ZTOZLFHyco&xkcb=SoB-67M3qbnuMoSgIB0NbzkdCdPP&fccid=9b5a9a3b51327a0d&cmp=Spinplay-Games-Inc&ti=Developer&vjs=3
Software Support Engineer,N/A,N/A,N/A,N/A,https://www.indeed.com/rc/clk?jk=428a444d16127e45&bb=Bx9KJGHJqQtZsY8Ucl5iD3Ft2wnwzD_J6fXbA4LK96PW49g6EFxXUi-w2xsUFiRa1f0oJlWlu3Yjnh_xyHpGwNnlOj5vRHQjRZ49mlbTTEmlPwrqhUXmKVw7R87l3Hs1xjg9HuO4-eduMe5fGiX1dUYLbRCJc4XE&xkcb=SoDK67M3qbnuMoSgIB0MbzkdCdPP&fccid=693d1c54f4d99785&vjs=3
Software Support Engineer,N/A,N/A,N/A,N/A,https://www.indeed.com/viewjob?jk=fedcba9876543210
Senior Web Full Stack Engineer,N/A,N/A,N/A,N/A,https://www.indeed.com/rc/clk?jk=3208baca07f37838&bb=Bx9KJGHJqQtZsY8Ucl5iD9zYovl7LHpYkO7xii4fv49Om7jqWlaku7AXYvkQlNkNIuPFwGnOsVoqhMNJcp3yTLhDDdPVm-Jbrd-_IK52_zyU36jA0WTtewmRxB7-_ryggnrKn4SOwhxxfzMkxnwaIKnJHqfsx__A&xkcb=SoAj67M3qbnuMoSgIB0DbzkdCdPP&fccid=ff1b344fa22fc264&vjs=3
N/A,N/A,N/A,N/A,N/A,N/A
Senior Software Engineer â€“ Full-Stack Development (MERN),N/A,N/A,N/A,N/A,https://www.indeed.com/rc/clk?jk=2f8971334d5e2c13&bb=Bx9KJGHJqQtZsY8Ucl5iDyekMOAst8pCO_3Pux8oWeGraA454WJbTSSJ7K36bjYGsdSxc9CVe1jX0lorL36spACHeVkhE20eRrQ9ViZ6aa-Jjz5x0X_elNw6TpRKcDbVluhi2I8qOsx5pydvGC1ljq89oPRp_yHR&xkcb=SoCX67M3qbnuMoSgIB0CbzkdCdPP&fccid=dd616958bd9ddc12&vjs=3
Java Developer,N/A,N/A,N/A,N/A,https://www.indeed.com/rc/clk?jk=b50a011cdea763e8&bb=Bx9KJGHJqQtZsY8Ucl5iD09Ckll-c6rzdMsESTwAcsLl5jzwKc3WcK5TMg0mPrFS21u8Jh6zwSdtdcwRbo15B8NXKiPw9A2QtccaqXTgmTecdrjL6kftBE0PcjWuVmilPnCJUvWAs7Z9umVZ4tfr5XGhv3ZNhOyd&xkcb=SoAK67M3qbnuMoSgIB0BbzkdCdPP&fccid=77e050e39a8040e3&vjs=3
Customer Excellence Process Analyst,N/A,N/A,N/A,N/A,https://www.indeed.com/rc/clk?jk=d7c617caa50ebe88&bb=Bx9KJGHJqQtZsY8Ucl5iD5OdkTMp9RDllUxxGsEV1joq3bLbSa3hz2he7HfoKKw51I7iImrK1nM88KQJ0kVoTZDGeRYt_rHyREvFt4VqHRbNoJH0_mW-PZXQMpgoYAUIhYxfcfBhcwekw0bo7hhJmmVyGNUa_sEZ&xkcb=SoC-67M3qbnuMoSgIB0AbzkdCdPP&fccid=4c8feeee8e552116&vjs=3
Junior Tam,N/A,N/A,N/A,N/A,https://www.indeed.com/rc/clk?jk=8e22e199f17e03cd&bb=Bx9KJGHJqQtZsY8Ucl5iD3H-KnmdTiMHFDlpG_GhMl0z77YhqH528-DMShsa0pEnN4_lhDOp2FmkZ2RPdhXqtC1yGPGTINSk8uJCgQpKe7NnAjOBgwgXaD6ETLlsR52D0UeJyakRF2Q8DktV0qgGclhXpp5Uv5KO&xkcb=SoAw67M3qbnuMoSgIB0HbzkdCdPP&fccid=4c8feeee8e552116&vjs=3
Customer Excellence Data Analysts,N/A,N/A,N/A,N/A,https://www.indeed.com/rc/clk?jk=7233379f61f25b4c&bb=Bx9KJGHJqQtZsY8Ucl5iD0f02332bhpGZiuqOYKhPXwjLaYkAsyxlSdW-fB9ZTUcdyPr4SFfiHoep9bSRivg5dYEz1jh7VSCvqHx8QS2jJ42JO4n_t608vVmT7o-vC1CzL4I6QRtDxb3J64MMebync8JHQfWyMFK&xkcb=SoCE67M3qbnuMoSgIB0GbzkdCdPP&fccid=4c8feeee8e552116&vjs=3
N/A,N/A,N/A,N/A,N/A,N/A
System Analyst,N/A,N/A,N/A,N/A,https://www.indeed.com/rc/clk?jk=e65033c2015de3a3&bb=Bx9KJGHJqQtZsY8Ucl5iD-EL2I94p1ZTDR1HVCBA0SxbIQw26OBl5xMS2dZBoWBVW_kZK0aUHyyo9dZbklm-ISUxb1vTUWp-nSC9QOouo2dybtq07OCitfgTTMZnxQLAcsPdUbtj5MXoWR48SsGQ1-THKWEJvdcu&xkcb=SoAZ67M3qbnuMoSgIB0FbzkdCdPP&fccid=4c8feeee8e552116&vjs=3
